{
  "format_version": "1.21.40",
  "minecraft:atmosphere_settings": {
    "description": { "identifier": "noxboera:default_atmospherics" },
    "sky_zenith_color": {
      "0.0": [23, 77, 112], //noon
      "0.256": [130, 66, 19], //sunset
      "0.3": [130, 66, 19],   //sunset
      "0.335": [130, 66, 19], //sunset
      "0.4": [130, 66, 19],  //sunset
      "0.5": [19, 61, 97],   //night
      "0.65": [19, 61, 97],  //midnight
      "0.75": [74, 111, 165], //day-transition
      "0.82": [74, 111, 165], // sunrise
      "0.85": [74, 111, 165], //sunrise
      "0.92": [23, 77, 112], //day
      "1.0": [23, 77, 112] //noon
    },
    "sky_horizon_color": {
      "0.0": [102, 160, 200],
      "0.256": [223, 93, 1],
      "0.3": [223, 93, 1],
      "0.335": [223, 93, 1],
      "0.4": [223, 93, 1],
      "0.5": [93, 150, 169],
      "0.65": [93, 150, 169],
      "0.75": [255, 216, 168],
      "0.82": [255, 216, 168],
      "0.85": [255, 216, 168],
      "0.92": [102, 160, 200],
      "1.0": [102, 160, 200]
    },
    "horizon_blend_stops": {
      "min": {
        "0.67": 0.21,
        "0.70": 0.21,
        "0.72": 0.21,
        "0.75": 0.25,
        "0.76": 0.3,
        "0.775": 0.3,
        "0.82": 0.3,
        "0.00": 0.3,
        "0.17": 0.3,
        "0.225": 0.3,
        "0.24": 0.3,
        "0.25": 0.25,
        "0.29": 0.21,
        "0.32": 0.21,
        "0.50": 0.21,
        "0.60": 0.21
      },
      "start": {
        "0.0": 0.3,
        "0.1962499916553497": 0.27,
        "0.25": 0.27,
        "0.34": 0.2,
        "0.6": 0.2,
        "0.6750000119209290": 0.2,
        "0.7487499713897705": 0.27,
        "0.8": 0.27
      },
      "mie_start": {
        "0.0": 0.3,
        "0.1962499916553497": 0.3,
        "0.25": 0.3,
        "0.34": 0.3,
        "0.6": 0.3,
        "0.6750000119209290": 0.3,
        "0.7487499713897705": 0.3,
        "0.8": 0.3
      },
      "max": {
        "0.67": 0.2,
        "0.70": 0.2,
        "0.72": 0.2,
        "0.75": 0.4,
        "0.76": 0.4,
        "0.775": 0.4,
        "0.82": 0.25,
        "0.00": 0.25,
        "0.17": 0.25,
        "0.225": 0.4,
        "0.24": 0.4,
        "0.25": 0.4,
        "0.29": 0.2,
        "0.32": 0.2,
        "0.50": 0.2,
        "0.60": 0.2
      }
    },
    "rayleigh_strength": {
      "0.0": 1.0,
      "0.23": 0.5,
      "0.24": 0.5,
      "0.25": 0.5,
      "0.26": 0.5,
      "0.3": 0.9,
      "0.5": 0.9,
      "0.75": 0.6,
      "0.82": 0.8,
      "0.85": 0.9,
      "0.92": 1.0,
      "1.0": 1.0
    },
    "sun_mie_strength": {
      "0.0": 3.0,
      "0.19": 3.2,
      "0.25": 3.5,
      "0.3": 3.0,
      "0.3037499785423279": 3.0,
      "0.3249999880790710": 3.0,
      "0.6": 3.0,
      "0.7074999809265137": 3.0,
      "0.75": 2.5,
      "0.81": 3.0
    },
    "moon_mie_strength": {
      "0.0": 0.2,
      "1.0": 0.2
    },
    "sun_glare_shape": {
      "0.0": 5.0,
      "0.19": 5.0,
      "0.25": 5.0,
      "0.3": 5.0,
      "0.3037499785423279": 5.0,
      "0.3249999880790710": 5.0,
      "0.6": 5.0,
      "0.7074999809265137": 5.0,
      "0.75": 5.0,
      "0.81": 5.0
    }
  }
}