{
  "format_version": "1.21.40",
  "minecraft:atmosphere_settings": {
    "description": { "identifier": "noxboera:default_atmospherics" },
    "sky_zenith_color": {
      "0.0": [95, 250, 252], //noon
      "0.23": [130, 66, 19], //afternoon
      "0.24": [130, 66, 19],   //pre-sunset
      "0.25": [130, 66, 19], //sunset
      "0.26": [26, 46, 57],  //night
      "0.3": [26, 46, 57],   //night
      "0.5": [26, 46, 57],  //midnight
      "0.6576": [26, 46, 57], //midnight
      "0.75": [95, 250, 252], //day-transition
      "0.82": [95, 250, 252], // day
      "0.85": [95, 250, 252], //day
      "0.92": [95, 250, 252], //day
      "1.0": [95, 250, 252] //noon
    },
    "sky_horizon_color": {
      "0.0": [95, 250, 252],
      "0.23": [223, 93, 1],
      "0.24": [223, 93, 1],
      "0.25": [223, 93, 1],
      "0.26": [21, 41, 52],
      "0.3": [21, 41, 52],
      "0.5": [21, 41, 52],
      "0.75": [95, 250, 252],
      "0.82": [95, 250, 252],
      "0.85": [95, 250, 252],
      "0.92": [95, 250, 252],
      "1.0": [95, 250, 252]
    },
    "horizon_blend_stops": {
      "min": {
        "0.67": 0.21,
        "0.70": 0.21,
        "0.72": 0.21,
        "0.75": 0.25,
        "0.76": 0.3,
        "0.775": 0.3,
        "0.82": 0.3,
        "0.00": 0.3,
        "0.17": 0.3,
        "0.225": 0.3,
        "0.24": 0.3,
        "0.25": 0.25,
        "0.29": 0.21,
        "0.32": 0.21,
        "0.50": 0.21,
        "0.60": 0.21
      },
      "start": {
        "0.0": 0.3,
        "0.1962499916553497": 0.27,
        "0.25": 0.27,
        "0.34": 0.2,
        "0.6": 0.2,
        "0.6750000119209290": 0.2,
        "0.7487499713897705": 0.27,
        "0.8": 0.27
      },
      "mie_start": {
        "0.0": 0.3,
        "0.1962499916553497": 0.3,
        "0.25": 0.3,
        "0.34": 0.3,
        "0.6": 0.3,
        "0.6750000119209290": 0.3,
        "0.7487499713897705": 0.3,
        "0.8": 0.3
      },
      "max": {
        "0.67": 0.2,
        "0.70": 0.2,
        "0.72": 0.2,
        "0.75": 0.4,
        "0.76": 0.4,
        "0.775": 0.4,
        "0.82": 0.25,
        "0.00": 0.25,
        "0.17": 0.25,
        "0.225": 0.4,
        "0.24": 0.4,
        "0.25": 0.4,
        "0.29": 0.2,
        "0.32": 0.2,
        "0.50": 0.2,
        "0.60": 0.2
      }
    },
    "rayleigh_strength": {
      "0.0": 2.0,
      "0.23": 2.5,
      "0.24": 2.5,
      "0.25": 2.5,
      "0.26": 2.5,
      "0.3": 2.5,
      "0.5": 2.5,
      "0.75": 2.6,
      "0.82": 2.5,
      "0.85": 2.5,
      "0.92": 2.0,
      "1.0": 2.0
    },
    "sun_mie_strength": {
      "0.0": 3.0,
      "0.19": 3.2,
      "0.25": 3.5,
      "0.3": 3.0,
      "0.3037499785423279": 3.0,
      "0.3249999880790710": 3.0,
      "0.6": 3.0,
      "0.7074999809265137": 3.0,
      "0.75": 2.5,
      "0.81": 3.0
    },
    "moon_mie_strength": {
      "0.0": 0.2,
      "1.0": 0.2
    },
    "sun_glare_shape": {
      "0.0": 5.0,
      "0.19": 5.0,
      "0.25": 5.0,
      "0.3": 5.0,
      "0.3037499785423279": 5.0,
      "0.3249999880790710": 5.0,
      "0.6": 5.0,
      "0.7074999809265137": 5.0,
      "0.75": 5.0,
      "0.81": 5.0
    }
  }
}
