{
  "format_version": "1.21.80",
  "minecraft:lighting_settings": {
    "description": {
      "identifier": "noxboera:default_lighting"
    },
    "directional_lights": {
      "orbital": {
        "sun": {
          "illuminance": {
            "0.0": 130, //noon
            "0.23": 100, //afternoon
            "0.24": 65, //pre-sunset
            "0.25": 45, // sunset
            "0.26": 0, //night
            "0.3": 0, //night
            "0.5": 0, //midnight
            "0.6865888": 0, // midnight
            "0.72": 45, // day-transition
            "0.75": 65, //sunrise
            "0.82": 85, //day
            "0.85": 95, //day
            "0.92": 100, //day
            "1.0": 130   //noon
          },
          "color": {
            "0.0": [255, 230, 200],
            "0.23": [236, 166, 58],
            "0.24": [236, 166, 58],
            "0.25": [236, 166, 58],
            "0.26": [0, 0, 0],
            "0.3": [0, 0, 0],
            "0.5": [0, 0, 0],
            "0.6865888": [0, 0, 0],
            "0.72": [255, 230, 210],
            "0.75": [255, 230, 210],
            "0.82": [255, 230, 200],
            "0.85": [255, 230, 200],
            "0.92": [255, 230, 200],
            "1.0": [255, 230, 200]
          }
        },
        "moon": {
          "illuminance": {
            "0.0": 3.0,
            "1.0": 3.0
          },
          "color": {
            "0.0": [93, 150, 169],
            "1.0": [93, 150, 169]
          }
        },
        "orbital_offset_degrees": {
          "0.0": 0,
          "1.0": 0
        }
      },
      "flash": {
        "illuminance": 15,
        "color": [255, 255, 255]
      }
    },
    "emissive": {
      "desaturation": 0.05,
    },
    "ambient": {
      "illuminance": 0.3,
      "color": [93, 150, 169]
    },
    "sky": {
      "intensity": 0.45
    }
  }
}